거래일,조회시각,섹터,기업명,티커,통화,전일종가,종가,변동률,종가출처,시간외가격,시간외변동률,시간외시각,상태,사건,설명,링크,발송
2026-10-01,2026-10-02 07:30:01+0900,분산발전·DC전원,Vicor,VICR,USD,288.9400,308.5900,6.80,일봉 종가,314.2678,1.84,10-01 18:21 EDT,확인,"Vicor, 9/30 장마감 후 Q3 매출 가이던스 2차 상향 (VPD 라이선스 로열티)","9/30 16:00 ET 보도자료, Q3 전분기比 성장 >20%→>30% 상향 / VPD 첫 비독점 라이선스 로열티 예상 상회가 근거, 9/21 이후 10일 만의 2차 상향 / 장중 +9.7%($317)까지 상승 후 종가 +6.8%로 축소",https://vicorcorporation.gcs-web.com/news-releases/news-release-details/vicor-corporation-raises-q3-2026-revenue-guidance-0,성공
2026-10-01,2026-10-02 07:30:01+0900,원전·연료,Constellation,CEG,,,,,,,,,조회 실패: OperationalError: database is locked,,,,성공
2026-10-02,2026-10-03 07:30:01+0900,분산발전·DC전원,INNIO,INIO,USD,18.2800,19.9900,9.35,일봉 종가,19.9900,0.00,10-02 18:17 EDT,추정·본문 미확인,"INNIO, 당일 개별 재료 없이 낙폭 과대 되돌림 (+9.35%)","10/2 당일 공시·보도자료·수주 발표 확인되지 않음 / 9/30 도이치방크 긍정 개시(단기 매수)·골드만 목표가 $35 / 9/30 Enerflex APAC 애프터마켓 인수 완료, 주가 연결 보도 없음 / 6월 고점 $41 대비 -44% 급락 후 반등 추정, 거래량은 평균 하회",https://www.gurufocus.com/news/9103465/deutsche-bank-initiates-positive-view-on-innio-inio-amid-strong-order-momentum,성공
2026-10-05,2026-10-06 08:11:20+0900,전력기기·전력망,Schneider Electric,SU.PA,EUR,303.0000,273.5000,-9.74,시간봉(장중 마지막 체결),,,,확인·본문 미확인,"슈나이더일렉트릭, PTC 226억달러 전액 현금 인수 발표 → 고가 인수 부담에 급락","산업SW 업체 PTC를 $22.6bn 전액 현금 인수 확정 공식 발표 / 대형 현금 인수에 따른 재무부담·밸류에이션 논란 → 10% 안팎 급락 / 피인수 PTC는 프리마켓 34% 급등, 프리미엄 과다 지적",https://www.breakingviews.com/columns/breaking-view/schneider-electric-boldly-disrupts-own-ai-story-2026-10-05/,성공
2026-10-05,2026-10-06 08:11:20+0900,분산발전·DC전원,INNIO,INIO,USD,19.9900,18.9800,-5.05,일봉 종가,19.2000,1.16,10-05 19:00 EDT,미확인,,,,성공
2026-10-06,2026-10-07 07:30:01+0900,원전·연료,Constellation,CEG,USD,267.6200,300.4000,12.25,일봉 종가,297.0000,-1.13,10-06 18:21 EDT,확인·본문 미확인,"구글-컨스텔레이션 20년 원전 PPA, PJM에 890MW 신규 공급","구글과 20년 PPA 체결, PJM 그리드에 원전 890MW 신규 투입 / 출력증강 등 43억달러 투자 수반, 'AI for Energy' 클라우드 협업 포함 / 시간외 -1.1%는 급등 후 되돌림 성격",https://www.constellationenergy.com/news/2026/10/google-and-constellation-announce-landmark-agreement-to-bring-890-mw-of-new-nuclear-capacity-to-pjm-grid.html,성공
2026-10-06,2026-10-07 07:30:01+0900,원전·연료,Vistra,VST,USD,144.8900,160.5000,10.77,일봉 종가,160.7000,0.12,10-06 18:21 EDT,추정·본문 미확인,"비스트라, DOE 42억달러 원전 조건부 대출 재료 연장","DOE, PA·OH 원전 출력증강에 최대 42억달러 조건부 대출(10/5 발표) / 구글-CEG PPA로 PJM 발전사 동반 강세, 매수 연장 / 10/6 신규 공시 없음, 전일 재료 지속 해석이라 근거 약함",https://www.rigzone.com/news/vistra_gets_conditional_42b_doe_loan_for_pjm_nuclear_fleet-06-oct-2026-184787-article/,성공
2026-10-06,2026-10-07 07:30:01+0900,원전·연료,Talen Energy,TLN,USD,331.8700,373.1100,12.43,일봉 종가,372.7800,-0.09,10-06 18:13 EDT,추정·본문 미확인,구글-CEG 딜 리드스루로 원전·연료 밸류체인 동반 급등,"하이퍼스케일러의 장기 원전 조달 재확인 → 섹터 전반 매수 / PJM 원전 IPP·우라늄·농축·SMR까지 확산, 7~12% 상승 / 각 사 당일 개별 재료 확인되지 않음 → 리드스루 추정",https://www.benzinga.com/markets/tech/26/10/62190391/google-constellation-energy-nuclear-deal-stocks-rally,성공
2026-10-06,2026-10-07 07:30:01+0900,원전·연료,Cameco,CCJ,USD,87.4700,93.0200,6.35,일봉 종가,93.7294,0.76,10-06 17:55 EDT,추정·본문 미확인,구글-CEG 딜 리드스루로 원전·연료 밸류체인 동반 급등,"하이퍼스케일러의 장기 원전 조달 재확인 → 섹터 전반 매수 / PJM 원전 IPP·우라늄·농축·SMR까지 확산, 7~12% 상승 / 각 사 당일 개별 재료 확인되지 않음 → 리드스루 추정",https://www.benzinga.com/markets/tech/26/10/62190391/google-constellation-energy-nuclear-deal-stocks-rally,성공
2026-10-06,2026-10-07 07:30:01+0900,원전·연료,BWX Technologies,BWXT,USD,135.3500,145.7000,7.65,일봉 종가,146.9000,0.82,10-06 18:03 EDT,추정·본문 미확인,구글-CEG 딜 리드스루로 원전·연료 밸류체인 동반 급등,"하이퍼스케일러의 장기 원전 조달 재확인 → 섹터 전반 매수 / PJM 원전 IPP·우라늄·농축·SMR까지 확산, 7~12% 상승 / 각 사 당일 개별 재료 확인되지 않음 → 리드스루 추정",https://www.benzinga.com/markets/tech/26/10/62190391/google-constellation-energy-nuclear-deal-stocks-rally,성공
2026-10-06,2026-10-07 07:30:01+0900,원전·연료,Centrus Energy,LEU,USD,141.4400,153.8800,8.80,일봉 종가,155.2000,0.86,10-06 17:52 EDT,추정·본문 미확인,구글-CEG 딜 리드스루로 원전·연료 밸류체인 동반 급등,"하이퍼스케일러의 장기 원전 조달 재확인 → 섹터 전반 매수 / PJM 원전 IPP·우라늄·농축·SMR까지 확산, 7~12% 상승 / 각 사 당일 개별 재료 확인되지 않음 → 리드스루 추정",https://www.benzinga.com/markets/tech/26/10/62190391/google-constellation-energy-nuclear-deal-stocks-rally,성공
2026-10-06,2026-10-07 07:30:01+0900,원전·연료,Oklo,OKLO,USD,35.9700,38.5500,7.17,일봉 종가,38.8500,0.78,10-06 18:22 EDT,추정·본문 미확인,구글-CEG 딜 리드스루로 원전·연료 밸류체인 동반 급등,"하이퍼스케일러의 장기 원전 조달 재확인 → 섹터 전반 매수 / PJM 원전 IPP·우라늄·농축·SMR까지 확산, 7~12% 상승 / 각 사 당일 개별 재료 확인되지 않음 → 리드스루 추정",https://www.benzinga.com/markets/tech/26/10/62190391/google-constellation-energy-nuclear-deal-stocks-rally,성공
2026-10-06,2026-10-07 07:30:01+0900,전력기기·전력망,Quanta Services,PWR,USD,683.4200,719.5600,5.29,일봉 종가,719.5600,0.00,10-06 17:25 EDT,추정·본문 미확인,"데이터센터 전력 수요 테마 확산, IPP·전력망 EPC 동반 강세","원전 PPA발 전력 부족 서사 확산 → 발전·전력망 투자 수혜 기대 / S&P500·나스닥100 사상 최고, 10년물 금리 하락도 지지 / 양사 당일 개별 공시 없음(PWR은 트루이스트 목표가 하향) → 테마 연동 추정",https://www.benzinga.com/markets/equities/26/10/62199369/sp-500-nasdaq-100-record-highs-treasury-yields-ease-stock-market-today,성공
2026-10-06,2026-10-07 07:30:01+0900,분산발전·DC전원,INNIO,INIO,USD,18.9800,21.3500,12.49,일봉 종가,21.5200,0.80,10-06 18:21 EDT,미확인,,,,성공
2026-10-06,2026-10-07 07:30:01+0900,유틸리티,NRG Energy,NRG,USD,96.8000,103.6000,7.02,일봉 종가,104.5000,0.87,10-06 18:09 EDT,추정·본문 미확인,"데이터센터 전력 수요 테마 확산, IPP·전력망 EPC 동반 강세","원전 PPA발 전력 부족 서사 확산 → 발전·전력망 투자 수혜 기대 / S&P500·나스닥100 사상 최고, 10년물 금리 하락도 지지 / 양사 당일 개별 공시 없음(PWR은 트루이스트 목표가 하향) → 테마 연동 추정",https://www.benzinga.com/markets/equities/26/10/62199369/sp-500-nasdaq-100-record-highs-treasury-yields-ease-stock-market-today,성공
2026-10-07,2026-10-08 07:30:01+0900,분산발전·DC전원,Caterpillar,CAT,USD,863.4400,813.8300,-5.75,일봉 종가,816.7300,0.36,10-07 18:20 EDT,확인·본문 미확인,FTC·USDA 농기계 시장 반독점 공개조사 개시 → 농기계·건설기계주 급락,"FTC·USDA, 10/7 농기계 제조·유통 관행 공개조사 착수 / 디어 수리권 합의 등 농업 경쟁 규제 강화 연장선 / 농기계 관련주 동반 급락, CAT도 장중 5%대 하락",https://www.ftc.gov/news-events/news/press-releases/2026/10/ftc-usda-seek-public-comment-ag-equipment-manufacturing-distribution-market-practices,성공
2026-10-07,2026-10-08 07:30:01+0900,분산발전·DC전원,Navitas,NVTS,USD,11.9700,11.3000,-5.60,일봉 종가,11.3749,0.66,10-07 18:21 EDT,미확인,,,,성공
2026-10-07,2026-10-08 07:30:01+0900,분산발전·DC전원,Vicor,VICR,USD,299.2900,282.7800,-5.52,일봉 종가,280.2058,-0.91,10-07 16:54 EDT,추정·본문 미확인,전력·데이터센터 인프라주 동반 매도에 Vicor 약세,"피어 동반 하락(NXT -3.7%, GNRC -3.2%) 속 종가 $281.10 / 금리 상승·FOMC 의사록 대기로 지수 전반 되밀림 / 당일 개별 재료 확인되지 않음 → 섹터 수급 추정",https://news.alphastreet.com/vicor-drops-6-1-amid-sector-wide-selling/,성공
2026-10-08,2026-10-09 07:30:01+0900,원전·연료,Vistra,VST,USD,166.7200,156.1400,-6.35,일봉 종가,157.2200,0.69,10-08 18:21 EDT,추정·본문 미확인,"원전 보유 IPP, 10/6~7 급등 후 차익실현 되돌림","VST 직전 2거래일 +15%, TLN 10/6 +12% 급등 후 반락 / 당일 개별 공시·재료 확인되지 않음(Investing.com) / 급등 후 되돌림 해석으로 인과 근거는 약함",https://www.investing.com/news/stock-market-news/why-is-vistra-stock-sliding-today-93CH-4939614,성공
2026-10-08,2026-10-09 07:30:01+0900,원전·연료,Talen Energy,TLN,USD,378.3200,359.2200,-5.05,일봉 종가,362.0000,0.77,10-08 17:45 EDT,추정·본문 미확인,"원전 보유 IPP, 10/6~7 급등 후 차익실현 되돌림","VST 직전 2거래일 +15%, TLN 10/6 +12% 급등 후 반락 / 당일 개별 공시·재료 확인되지 않음(Investing.com) / 급등 후 되돌림 해석으로 인과 근거는 약함",https://www.investing.com/news/stock-market-news/why-is-vistra-stock-sliding-today-93CH-4939614,성공
2026-10-08,2026-10-09 07:30:01+0900,원전·연료,Oklo,OKLO,USD,36.8200,34.5700,-6.11,일봉 종가,34.6900,0.35,10-08 18:19 EDT,추정·본문 미확인,"우라늄·SMR 복합 동반 매도 이틀째, 오클로 약세 지속","10/7 우라늄·차세대원전주 동반 급락(OKLO -5%)에 이어 이틀째 / ATM 19억달러 증자 희석 부담 상존, YTD -46% / 당일 개별 재료 확인되지 않음 → 섹터 연동 추정",https://247wallst.com/investing/2026/10/07/energy-fuels-falls-9-as-uranium-and-reactor-names-sell-off-together-oklo-and-centrus-energy-drop-5/,성공
2026-10-08,2026-10-09 07:30:01+0900,분산발전·DC전원,Bloom Energy,BE,USD,291.2900,272.8200,-6.34,일봉 종가,274.4085,0.58,10-08 18:20 EDT,추정·본문 미확인,"연료전지·분산발전주 동반 급락, 호재에도 되돌림","UBS, BE 목표가 $325→$350 상향에도 장중 -8% / FCEL -8%, PLUG -3% 등 섹터 전반 2026년 급등분 되돌림 / INIO는 개별 재료 미확인, 섹터 연동 추정",https://247wallst.com/investing/2026/10/08/bloom-energy-tumbles-8-even-as-ubs-lifts-its-price-target-to-350-fuelcell-energy-slides-8-plug-power-drops-3/,성공
2026-10-08,2026-10-09 07:30:01+0900,분산발전·DC전원,INNIO,INIO,USD,20.3400,19.2000,-5.60,일봉 종가,19.1900,-0.05,10-08 16:26 EDT,추정·본문 미확인,"연료전지·분산발전주 동반 급락, 호재에도 되돌림","UBS, BE 목표가 $325→$350 상향에도 장중 -8% / FCEL -8%, PLUG -3% 등 섹터 전반 2026년 급등분 되돌림 / INIO는 개별 재료 미확인, 섹터 연동 추정",https://247wallst.com/investing/2026/10/08/bloom-energy-tumbles-8-even-as-ubs-lifts-its-price-target-to-350-fuelcell-energy-slides-8-plug-power-drops-3/,성공
2026-10-08,2026-10-09 07:30:01+0900,분산발전·DC전원,Vicor,VICR,USD,282.7800,262.3200,-7.24,일봉 종가,266.9600,1.77,10-08 18:12 EDT,미확인,,,,성공
